{
  "session": {
    "started_ms": 1780414101980,
    "ended_ms": 1780414603152,
    "duration_ms": 501172,
    "mode": "live",
    "exit": "graceful"
  },
  "stages": {
    "categorize": {
      "count": 25,
      "min": 151,
      "avg": 1623.44,
      "p50": 1623,
      "p95": 2607.7999999999993,
      "max": 2759
    },
    "end_to_end": {
      "count": 26,
      "min": 1131,
      "avg": 3148.5,
      "p50": 3476,
      "p95": 4550,
      "max": 5236
    },
    "llm_decision": {
      "count": 19,
      "min": 914,
      "avg": 1904.3157894736842,
      "p50": 1852,
      "p95": 2671.7,
      "max": 2759
    },
    "llm_gemini": {
      "count": 26,
      "min": 452,
      "avg": 587,
      "p50": 584.5,
      "p95": 726.75,
      "max": 766
    },
    "stt_final": {
      "count": 25,
      "min": 270,
      "avg": 1988.92,
      "p50": 2290,
      "p95": 3450.6000000000004,
      "max": 4027
    },
    "tts_first_byte": {
      "count": 26,
      "min": 492.837,
      "avg": 535.6155,
      "p50": 528.322,
      "p95": 614.7935,
      "max": 633.756
    },
    "tts_played": {
      "count": 26,
      "min": 493,
      "avg": 535.9230769230769,
      "p50": 528.5,
      "p95": 615,
      "max": 634
    }
  },
  "counts": {
    "total": 52,
    "completed": 26,
    "no_speak": 26,
    "errored": 0
  },
  "paths": {
    "filler": 0,
    "catalog": 6,
    "llm": 20,
    "gemini": 26
  }
}
