{
  "session": {
    "started_ms": 1780410153302,
    "ended_ms": 1780410303810,
    "duration_ms": 150508,
    "mode": "live",
    "exit": "graceful"
  },
  "stages": {
    "categorize": {
      "count": 5,
      "min": 868,
      "avg": 1531.4,
      "p50": 1471,
      "p95": 2305.7999999999997,
      "max": 2429
    },
    "end_to_end": {
      "count": 9,
      "min": 2348,
      "avg": 3270.8888888888887,
      "p50": 3080,
      "p95": 4490.2,
      "max": 4989
    },
    "llm_decision": {
      "count": 3,
      "min": 1633,
      "avg": 2018,
      "p50": 1837,
      "p95": 2509.3,
      "max": 2584
    },
    "llm_gemini": {
      "count": 9,
      "min": 543,
      "avg": 637.3333333333334,
      "p50": 586,
      "p95": 878.1999999999998,
      "max": 1027
    },
    "stt_final": {
      "count": 9,
      "min": 1292,
      "avg": 2162.1111111111113,
      "p50": 2227,
      "p95": 2965.2,
      "max": 3300
    },
    "tts_first_byte": {
      "count": 9,
      "min": 494.931,
      "avg": 576.9177777777778,
      "p50": 549.609,
      "p95": 702.1099999999999,
      "max": 734.536
    },
    "tts_played": {
      "count": 9,
      "min": 495,
      "avg": 577.7777777777778,
      "p50": 550,
      "p95": 705,
      "max": 735
    }
  },
  "counts": {
    "total": 20,
    "completed": 9,
    "no_speak": 11,
    "errored": 0
  },
  "paths": {
    "filler": 0,
    "catalog": 1,
    "llm": 8,
    "gemini": 10
  }
}
