{
  "session": {
    "started_ms": 1780412859053,
    "ended_ms": 1780413275341,
    "duration_ms": 416288,
    "mode": "live",
    "exit": "graceful"
  },
  "stages": {
    "categorize": {
      "count": 4,
      "min": 976,
      "avg": 1477.25,
      "p50": 1435.5,
      "p95": 1970.1999999999998,
      "max": 2062
    },
    "end_to_end": {
      "count": 8,
      "min": 2116,
      "avg": 3334.75,
      "p50": 3391,
      "p95": 4257.849999999999,
      "max": 4373
    },
    "llm_decision": {
      "count": 4,
      "min": 1128,
      "avg": 1628,
      "p50": 1586,
      "p95": 2120.2,
      "max": 2212
    },
    "llm_gemini": {
      "count": 8,
      "min": 468,
      "avg": 655.5,
      "p50": 690.5,
      "p95": 842.6999999999999,
      "max": 891
    },
    "stt_final": {
      "count": 8,
      "min": 1025,
      "avg": 2019.875,
      "p50": 1985.5,
      "p95": 3020.5499999999997,
      "max": 3114
    },
    "tts_first_byte": {
      "count": 8,
      "min": 504.781,
      "avg": 657.8368750000001,
      "p50": 651.412,
      "p95": 877.57755,
      "max": 926.993
    },
    "tts_played": {
      "count": 8,
      "min": 505,
      "avg": 658.25,
      "p50": 651.5,
      "p95": 879.5999999999999,
      "max": 930
    }
  },
  "counts": {
    "total": 22,
    "completed": 8,
    "no_speak": 14,
    "errored": 0
  },
  "paths": {
    "filler": 0,
    "catalog": 0,
    "llm": 8,
    "gemini": 8
  }
}
