{
  "session": {
    "started_ms": 1780408980174,
    "ended_ms": 1780409074728,
    "duration_ms": 94554,
    "mode": "live",
    "exit": "graceful"
  },
  "stages": {
    "end_to_end": {
      "count": 11,
      "min": 2716,
      "avg": 3647.4545454545455,
      "p50": 3578,
      "p95": 4495,
      "max": 5078
    },
    "llm_decision": {
      "count": 0,
      "min": 0,
      "avg": 0,
      "p50": 0,
      "p95": 0,
      "max": 0
    },
    "llm_gemini": {
      "count": 11,
      "min": 466,
      "avg": 546.8181818181819,
      "p50": 534,
      "p95": 678.5,
      "max": 742
    },
    "stt_final": {
      "count": 11,
      "min": 1325,
      "avg": 2624.090909090909,
      "p50": 2570,
      "p95": 3519.5,
      "max": 4075
    },
    "tts_first_byte": {
      "count": 9,
      "min": 436.333,
      "avg": 478.13277777777773,
      "p50": 451.865,
      "p95": 582.4359999999999,
      "max": 641.278
    },
    "tts_played": {
      "count": 11,
      "min": 437,
      "avg": 474.90909090909093,
      "p50": 452,
      "p95": 570.5,
      "max": 646
    }
  },
  "counts": {
    "total": 20,
    "completed": 11,
    "no_speak": 9,
    "errored": 0
  }
}
