{
  "session": {
    "started_ms": 1780409386103,
    "ended_ms": 1780409557127,
    "duration_ms": 171024,
    "mode": "live",
    "exit": "graceful"
  },
  "stages": {
    "end_to_end": {
      "count": 16,
      "min": 951,
      "avg": 2253.0625,
      "p50": 2003,
      "p95": 4371,
      "max": 4653
    },
    "llm_decision": {
      "count": 2,
      "min": 772,
      "avg": 785.5,
      "p50": 785.5,
      "p95": 797.65,
      "max": 799
    },
    "llm_gemini": {
      "count": 17,
      "min": 418,
      "avg": 582.3529411764706,
      "p50": 586,
      "p95": 703.2,
      "max": 704
    },
    "stt_final": {
      "count": 17,
      "min": 0,
      "avg": 1444.235294117647,
      "p50": 690,
      "p95": 3787.999999999998,
      "max": 6020
    },
    "tts_first_byte": {
      "count": 15,
      "min": 438.774,
      "avg": 495.75246666666663,
      "p50": 456.817,
      "p95": 646.4924999999994,
      "max": 1009.789
    },
    "tts_played": {
      "count": 16,
      "min": 439,
      "avg": 492.8125,
      "p50": 456,
      "p95": 621.75,
      "max": 1014
    }
  },
  "counts": {
    "total": 32,
    "completed": 16,
    "no_speak": 15,
    "errored": 1
  }
}
