{
  "session": {
    "started_ms": 1780505516627,
    "ended_ms": 1780505976027,
    "duration_ms": 459400,
    "mode": "live",
    "exit": "graceful"
  },
  "stages": {
    "cat_embed": {
      "count": 15,
      "min": 543,
      "avg": 1475,
      "p50": 1567,
      "p95": 1808.7999999999997,
      "max": 1876
    },
    "cat_regex": {
      "count": 3,
      "min": 1591,
      "avg": 2213,
      "p50": 1957,
      "p95": 2977.6,
      "max": 3091
    },
    "end_to_end": {
      "count": 92,
      "min": 859,
      "avg": 2406.728260869565,
      "p50": 2051.5,
      "p95": 5339.85,
      "max": 6357
    },
    "filler_fire": {
      "count": 2,
      "min": 0,
      "avg": 597.5,
      "p50": 597.5,
      "p95": 1135.25,
      "max": 1195
    },
    "llm_decision": {
      "count": 76,
      "min": 513,
      "avg": 1664.578947368421,
      "p50": 1156.5,
      "p95": 4305.25,
      "max": 5289
    },
    "llm_first_tok": {
      "count": 95,
      "min": 340,
      "avg": 469.7578947368421,
      "p50": 459,
      "p95": 573.0999999999999,
      "max": 817
    },
    "llm_gemini": {
      "count": 95,
      "min": 343,
      "avg": 486.87368421052633,
      "p50": 475,
      "p95": 594.5,
      "max": 818
    },
    "llm_to_audio": {
      "count": 95,
      "min": 455,
      "avg": 548.1894736842105,
      "p50": 496,
      "p95": 816.6999999999999,
      "max": 1767
    },
    "stt_final": {
      "count": 170,
      "min": 493,
      "avg": 1565.6117647058823,
      "p50": 1031.5,
      "p95": 4219.899999999999,
      "max": 5427
    },
    "stt_first": {
      "count": 187,
      "min": 509,
      "avg": 1323.9946524064171,
      "p50": 1495,
      "p95": 1847.199999999999,
      "max": 2219
    },
    "tts_first_byte": {
      "count": 95,
      "min": 455.123,
      "avg": 547.6882631578949,
      "p50": 496.164,
      "p95": 816.1959999999999,
      "max": 1765.64
    },
    "tts_played": {
      "count": 98,
      "min": 455,
      "avg": 548.9745408163265,
      "p50": 496,
      "p95": 812.9999999999999,
      "max": 1766
    }
  },
  "counts": {
    "total": 300,
    "completed": 98,
    "no_speak": 202,
    "errored": 0
  },
  "paths": {
    "filler": 0,
    "catalog": 1,
    "llm": 95,
    "gemini": 95,
    "uncategorized": 95
  }
}
